-- phpMyAdmin SQL Dump
-- version 5.0.1
-- https://www.phpmyadmin.net/
--
-- Hôte : 127.0.0.1
-- Généré le : mer. 03 fév. 2021 à 01:59
-- Version du serveur :  10.4.11-MariaDB
-- Version de PHP : 7.4.1

SET SQL_MODE = "NO_AUTO_VALUE_ON_ZERO";
SET AUTOCOMMIT = 0;
START TRANSACTION;
SET time_zone = "+00:00";


/*!40101 SET @OLD_CHARACTER_SET_CLIENT=@@CHARACTER_SET_CLIENT */;
/*!40101 SET @OLD_CHARACTER_SET_RESULTS=@@CHARACTER_SET_RESULTS */;
/*!40101 SET @OLD_COLLATION_CONNECTION=@@COLLATION_CONNECTION */;
/*!40101 SET NAMES utf8mb4 */;

--
-- Base de données : `meetic`
--

-- --------------------------------------------------------

--
-- Structure de la table `hobbies`
--

CREATE TABLE `hobbies` (
  `id_hobbies` int(11) NOT NULL,
  `nom` varchar(100) CHARACTER SET latin1 NOT NULL
) ENGINE=InnoDB DEFAULT CHARSET=utf8mb4;

--
-- Déchargement des données de la table `hobbies`
--

INSERT INTO `hobbies` (`id_hobbies`, `nom`) VALUES
(1, 'Dance'),
(2, 'Skateboard'),
(3, 'Licorne'),
(4, 'Cuisiner');

-- --------------------------------------------------------

--
-- Structure de la table `login`
--

CREATE TABLE `login` (
  `id_users` int(11) NOT NULL,
  `email` varchar(255) CHARACTER SET latin1 NOT NULL,
  `password` varchar(255) CHARACTER SET utf8mb4 COLLATE utf8mb4_bin NOT NULL
) ENGINE=InnoDB DEFAULT CHARSET=utf8mb4;

--
-- Déchargement des données de la table `login`
--

INSERT INTO `login` (`id_users`, `email`, `password`) VALUES
(4, 'ddddd', '$2y$12$dJ1tL0NsSrootr.YkH18CeiIEqz6o.D.qa87bZ7ySMEJmjIksAIam'),
(5, 'test123@machin.com', '$2y$10$78KAnt27cPMQlb2qND8mq.Pmfyn.FvDkSHXN7.JIfb7Xl6Bzk.8kG'),
(6, 'paultest@machin.com', '$2y$10$1I7hU5Hx4quzYeoCqcsItuOGApsXbRKz6WDcrm6YYhwdtq4oRYjAe'),
(7, 'jacktoto@gmail.com', '$2y$10$3yWdhLL4iHOW1sVCU3Jw6ucv3gA9J7NrecJ31Zdll.BAASSattXZK'),
(8, 'totobidule@machin.com', '$2y$12$ajWiOJlcWD0oMGJfNpfXxe5owB/ECi5imjVc9FxVPoIM1sPAy5X.S'),
(10, 'leo@machin.com', '$2y$10$8i4n1n3E6MsQXC4PElLXBu9rOhdOcpBPuPli.FTQ08Aythrhv0pre'),
(11, 'admin@machin.com', '$2y$10$mMnNxbZs10CZIO4Gwoz.4.6rg2Exk4YLdFT7FakSDYtaWbyh6j12O'),
(12, 'test3@bidule.com', '$2y$10$dQXc.S9VGOp.vy/ocRjZSOeRgR4GtLO9wV/79UQzp1c7a9bXksN5e'),
(13, 'sarahbidule@machin.com', '$2y$10$2AmkP17AQVgQEo/zbEHOqOn6PMrsmvYszfnHNCuUM6.PFp06lHRJq'),
(14, 'SuzanneMahe@machin.com', '$2y$10$4Lnf6Hg5c9T8hzSzc2mROu.F5uOtELibkDjyrMZsyWSAJhgGgVaM2'),
(15, 'MatthieuAlves@machin.com', '$2y$10$YuPRm4JDwKyYfF3RkHeY4eIczLN00kJ8UN45a6GfJyz0.3WK1mlse'),
(16, 'MarieChevalier@machin.com', '$2y$10$jGrr6TOCzlFPUtP5ZlRk6uKHuBY1cUTIp1NXCiaRWed89vb.bw2hq'),
(17, 'AimeLaurent@machin.com', '$2y$10$BZxOEGJ8VvZcnr9Mt7PZ6euOX7EujZ0dvrzwiqvSQA5482PrSAjiC'),
(18, 'JeannineRichard@machinc.om', '$2y$10$fMqaS.Rvk5Mhcj/upXBVuu3RN54u51E6K/0K0383Elo3Oxw7f2WK.'),
(19, 'IsabelleCourtois@machin.com', '$2y$10$DZ7ceDKynBGoyB7tf/239Oc.cUK2ca5Cm1ynC89K6HZOTCbIwElV2'),
(20, 'Auger-Dumont@machin.com', '$2y$10$ytiiWSu6r2o9.IcLFQCfXunNd8LRiqwevytIy.qO1f0WKkDn1ljA2'),
(21, 'Barthelemy@machin.com', '$2y$10$c1USmOIXysPHFBg3tBCncOgMFBPgSTvoQIUT.kT2Ycsq9yauGtVgy'),
(22, 'AntoinetteJourdan@machin.com', '$2y$10$voOZeRrQovAOHs/msFCbfunTsA1M2k3bpCJ0ISv0aLtzIJDWPHdJy'),
(23, 'AdGuillou@machin.com', '$2y$10$/FRWy1PPis7Er978AJfSfu4Kl7NxR2MsTd/8RRiZA/le8IAzf3Qfa'),
(24, 'PhilippeBlondel@machin.com', '$2y$10$YSVLFOa2KdbdYGUcjlgFze4OTeDdMIUC.KNIkMobyOq/yYWaRQn2O'),
(25, 'leo@admin.com', '$2y$10$rSG4iGgNtJwvBQ6q5kUYfu5nUKE0ZUPoyGWnl12B6OatD0sTrUURG'),
(26, 'JulietteLapierre@machin.com', '$2y$10$LpCy1jDb2cWVkhxcPXwUEOcM6VXTHTvS/gKF6YPiYBlBhuHBiiaGe'),
(27, 'ApollineCharpentier@machon.com', '$2y$10$3GMBECA/9YtknMw.EBWxze0TxHpSsBv/M6M.BXAm7IJrR/jYYBLpi'),
(28, 'GabrielleBarros@gmail.com', '$2y$10$oTlbBOeSE9tVW9tKZvocAOEi23Hn7Dl5.vRWX2i/U2M2./49jTMpC'),
(39, 'Flamand@machin.com', '$2y$10$x4SO8/WenBUPK2R4H0JBE.wIhhWRpHHl6sSM/lhGPP.evdNM7hvKa'),
(40, 'FaustinGodin@machin.com', '$2y$10$9iRfYigY3ubJkFWDDXi8WuHCSgcrw/P/PVAOG/m6kl.DlZWTQB9B.'),
(41, 'LuceGosselin@machin.com', '$2y$10$cV2NtNtMExUDi36SmGTMs.EqNY14VVc2YcePtOaACO6fbvt.Sw4FG'),
(42, 'CoralieDesrosiers@machin.com', '$2y$10$hxqXVVBAZSvSelzh/2pLh.EXoxXYcFZUH6Y54FfurmGw53mMW8NDe'),
(43, 'IslaMunz@machin.com', '$2y$10$xEMiWSn8AzlX5U/uXAYKfOOWGZDn7uamRRZYgImh8DW1EiedA14hC'),
(44, 'JonathanMeyer@machin.com', '$2y$10$sNNkOSnIxS6trUnQd32f8uVClID1ByFboFSM7hO1RLyaav5oQEeQS'),
(45, 'TysonStandley@machin.com', '$2y$10$P7PMM.Ewh4zI96qkil5lC.NYdjUThWK1QWZRdp5fhKdCP/.fcQPxa'),
(46, 'AnthonyCarr@machin.com', '$2y$10$Uh8r7yi304gxz.zGGVy.gekQ.VelzVazjmW9IA2eIwT2WIq2vqSAe'),
(47, 'JordanHeritage@machin.com', '$2y$10$GYdWCVanwe/jR9F3H.IbN.LtDQujJVmfKR9qD83I7r8gKwevwu3Pq'),
(48, 'KateBurrows@machin.com', '$2y$10$rH9XHy0D/eq7iFcoSb7JE.Cz2Yqd3SQrD4l5FIH7Nme6KSunEB5.u'),
(49, 'Paschke@machin.com', '$2y$10$5TSGp3QLDdI.bUXWUTr07uIlq3wuILN4qpo0wjPVEVzq3ZFRYkrhq'),
(50, 'LillyAgar@machin.com', '$2y$10$oR6mv5tcdALXjq5UJrgfceXlpebuxaMZ9axEY81sKCQNwuRa4PgQS'),
(51, 'JasmineAdair@machin.com', '$2y$10$nTTvzizoYldwEPPzJbWiq.dLtUBph2h8jhRMhxoMtAA2vaZflKIAC'),
(52, 'OliviaTopp@machin.com', '$2y$10$SBpDb9UYUNWN2IkxOqYW5.0YBhAW3gWl72EcvPEhFpxgTW6Yz4ZnG'),
(53, 'AmeliaEdwin@machin.com', '$2y$10$GySqRSBihZrDwbWPM3QebeN.Drc7DMNN0BcoNwBwg20voWquppXcy'),
(54, 'Willephcott@machin.com', '$2y$10$iw7nb/CYNxKnbKKRxsWO0OfmNYVmrFJj5tj.pKn5Vvm/QFdr8BcFO'),
(55, 'Oliver00Yagan@machin.com', '$2y$10$2kQm0YW/w0uoBdJU4NB5gO8FuEQIJ2Cwk3ddOGk78kOxMTu2pDjHm'),
(56, 'JettCohen@machin.com', '$2y$10$sPVZ0vcenPfd9hiN9S5UeuxAbFTwFGw1psejUYUbTGBtvIn/sNb0a'),
(57, 'CalebHorne@machin.com', '$2y$10$06MUnzSwhT1KqU18iOPzw.lDDH6Np.i8TH0H6pYkA5qncF2t613Oa'),
(58, 'Ellwood@machin.com', '$2y$10$7pPyKGEGxxZ8jkdFCdiGne0WVorMoa1S8SJ0S.AB0oNNk0R8yi0Yi'),
(59, 'Zoe@machin.com', '$2y$10$s.V4Q2ymza2tbtJKl88BqOtuD1BiyqBbt/4NP8rQFJq0psEhaW.7i'),
(60, 'ZoeLynn@machin.com', '$2y$10$TQ9SsxPvbxuOqdJLn.KlqOGCBcsJWfFPgsa2UsB1ws6Cl5paGfDyW'),
(61, 'Maya@machin.com', '$2y$10$IitmUuzqfjyzstWzxRqKpuKDApPn7ACXQGII1ojcEwyG21TQevJ4W'),
(62, 'AliciaBottrill@machin.com', '$2y$10$wflD35MAyeOXFGL6wLTQme6OPFKeLHnx1oK6n.mTVx8Awm18m5oiO'),
(63, 'Joshu486a@machin.com', '$2y$10$rIlFVLCWj/.EWIcJhTzdiupA6abi7hF5rquPpb7uT3ZRhOAUpI9Nu'),
(64, 'JakeLoughlin@machin.com', '$2y$10$D9Ki.MGUGOyDCD7oQRWADunNXuDUCblBstyEhox9tRsZEkCS5k0Ti'),
(65, 'Harrison@machin.com', '$2y$10$ivmfPTm99EDwEJ7Na0ImLeZ0tqxtsgSF91o0OrK7knGtuourOM7Bu'),
(66, 'leototo@machin.com', '$2y$10$L.wdWiyT8neygRohs.JiGeio3/IjRyElXkxz8EfbTRPNEYIlBjB.2'),
(560, 'moulinette@machin.com', '$2y$10$Pr4c/nDm.DeLC6FMaXDlNu0t6.DZpALm3mQGcfAJkBWOZHEJMI6vy'),
(561, 'JosetteBoulanger@machin.com', '$2y$10$SdAlhuLcJQ3T6Mz3Sg3T1eQYT2srK92cPjApsPuLuLB..7vdaF/p2');

-- --------------------------------------------------------

--
-- Structure de la table `users`
--

CREATE TABLE `users` (
  `id` int(11) NOT NULL,
  `firstname` varchar(255) NOT NULL,
  `lastname` varchar(255) NOT NULL,
  `date_naissance` datetime NOT NULL,
  `ville` varchar(255) NOT NULL,
  `genre` varchar(255) NOT NULL,
  `id_hobbies` int(11) NOT NULL,
  `date_inscription` datetime DEFAULT NULL,
  `description` longtext NOT NULL DEFAULT 'Le Lorem Ipsum est simplement du faux texte employé dans la composition et la mise en page avant impression.',
  `not_active` tinyint(1) DEFAULT 0
) ENGINE=InnoDB DEFAULT CHARSET=latin1;

--
-- Déchargement des données de la table `users`
--

INSERT INTO `users` (`id`, `firstname`, `lastname`, `date_naissance`, `ville`, `genre`, `id_hobbies`, `date_inscription`, `description`, `not_active`) VALUES
(4, 'bryan', 'cranston', '1997-01-14 00:00:00', 'Marseille', 'autre', 3, '2021-01-22 04:08:53', 'Le Lorem Ipsum est simplement du faux texte employé dans la composition et la mise en page avant impression.', 0),
(5, 'test123', 'test123', '1982-01-05 00:00:00', 'Paris', 'homme', 1, '2021-01-23 06:27:12', 'Le Lorem Ipsum est simplement du faux texte employé dans la composition et la mise en page avant impression.', 0),
(6, 'Paul', 'test', '2000-05-12 00:00:00', 'Rennes', 'homme', 1, '2021-01-23 08:16:32', 'Le Lorem Ipsum est simplement du faux texte employé dans la composition et la mise en page avant impression.', 0),
(7, 'Jack', 'toto', '1954-01-13 00:00:00', 'Marseille', 'homme', 3, '2021-01-29 08:45:35', 'Le Lorem Ipsum est simplement du faux texte employé dans la composition et la mise en page avant impression.', 0),
(8, 'dddddd', 'ddddd', '1975-01-06 00:00:00', 'Paris', 'homme', 1, '2021-01-29 09:58:37', 'Le Lorem Ipsum est simplement du faux texte employé dans la composition et la mise en page avant impression.', 0),
(10, 'leo', 'glme', '1998-12-15 00:00:00', 'paris', 'homme', 4, '2021-01-30 04:46:09', 'Le Lorem Ipsum est simplement du faux texte employé dans la composition et la mise en page avant impression.', 0),
(11, 'admin', 'admin', '1996-01-12 00:00:00', 'Rennes', 'autre', 3, '2021-01-30 11:56:02', 'Le Lorem Ipsum est simplement du faux texte employé dans la composition et la mise en page avant impression.', 0),
(12, 'test3', 'test3', '1996-01-09 00:00:00', 'paris', 'homme', 1, '2021-01-31 03:28:40', 'Le Lorem Ipsum est simplement du faux texte employé dans la composition et la mise en page avant impression.', 0),
(13, 'Sarah', 'Bidule', '2002-02-19 00:00:00', 'Lyon', 'femme', 3, '2021-02-01 01:41:33', 'Le Lorem Ipsum est simplement du faux texte employé dans la composition et la mise en page avant impression.', 0),
(14, 'Suzanne', 'Mahe', '1995-01-27 00:00:00', 'Marseille', 'femme', 2, '2021-02-01 02:23:39', 'Le Lorem Ipsum est simplement du faux texte employé dans la composition et la mise en page avant impression.', 0),
(15, 'Matthieu', 'Alves', '2001-02-03 00:00:00', 'Marseille', 'homme', 3, '2021-02-01 02:24:27', 'Le Lorem Ipsum est simplement du faux texte employé dans la composition et la mise en page avant impression.', 0),
(16, 'Marie', 'Chevalier', '2002-02-04 00:00:00', 'Marseille', 'femme', 1, '2021-02-01 02:25:18', 'Le Lorem Ipsum est simplement du faux texte employé dans la composition et la mise en page avant impression.', 0),
(17, 'Aimé', 'Laurent', '1976-02-03 00:00:00', 'Marseille', 'autre', 4, '2021-02-01 02:26:08', 'Le Lorem Ipsum est simplement du faux texte employé dans la composition et la mise en page avant impression.', 0),
(18, 'Jeannine', 'Richard', '1996-01-28 00:00:00', 'Strasbourg', 'femme', 1, '2021-02-01 02:26:51', 'Le Lorem Ipsum est simplement du faux texte employé dans la composition et la mise en page avant impression.', 0),
(19, 'Isabelle', 'Courtois', '2002-02-10 00:00:00', 'Strasbourg', 'femme', 4, '2021-02-01 02:27:28', 'Le Lorem Ipsum est simplement du faux texte employé dans la composition et la mise en page avant impression.', 0),
(20, 'Jacques', 'Auger-Dumont', '1985-12-25 00:00:00', 'Strasbourg', 'homme', 2, '2021-02-01 02:28:22', 'Le Lorem Ipsum est simplement du faux texte employé dans la composition et la mise en page avant impression.', 0),
(21, 'Alex', 'Barthelemy', '1992-01-02 00:00:00', 'Lyon', 'femme', 1, '2021-02-01 02:28:55', 'Le Lorem Ipsum est simplement du faux texte employé dans la composition et la mise en page avant impression.', 0),
(22, 'Antoinette', 'Jourdan', '1997-12-03 00:00:00', 'Lyon', 'autre', 3, '2021-02-01 02:29:32', 'Le Lorem Ipsum est simplement du faux texte employé dans la composition et la mise en page avant impression.', 0),
(23, 'Adèle', 'Guillou', '1996-01-27 00:00:00', 'Lyon', 'homme', 1, '2021-02-01 02:30:29', 'Le Lorem Ipsum est simplement du faux texte employé dans la composition et la mise en page avant impression.', 0),
(24, 'Philippe', 'Blondel', '1970-02-02 00:00:00', 'Lyon', 'homme', 4, '2021-02-01 02:31:04', 'Le Lorem Ipsum est simplement du faux texte employé dans la composition et la mise en page avant impression.', 0),
(25, 'leo', 'Guillaume', '1997-02-03 00:00:00', 'Rennes', 'homme', 1, '2021-02-01 03:11:49', 'Le Lorem Ipsum est simplement du faux texte employé dans la composition et la mise en page avant impression.', 0),
(26, 'Juliette', 'Lapierre', '1999-01-25 00:00:00', 'Marseille', 'femme', 2, '2021-02-02 11:11:51', 'Le Lorem Ipsum est simplement du faux texte employé dans la composition et la mise en page avant impression.', 0),
(27, 'Apolline', 'Charpentier', '1998-04-25 00:00:00', 'Rennes', 'femme', 3, '2021-02-02 11:23:25', 'Le Lorem Ipsum est simplement du faux texte employé dans la composition et la mise en page avant impression.', 0),
(28, 'Gabrielle', 'Barros', '1990-06-14 00:00:00', 'Rennes', 'femme', 2, '2021-02-02 11:37:21', 'ceci est une bio', 0),
(39, 'Flamand', 'Flamand', '2003-01-02 00:00:00', 'Rennes', 'femme', 1, '2021-02-03 12:38:50', 'Le Lorem Ipsum est simplement du faux texte employé dans la composition et la mise en page avant impression.', 0),
(40, 'Faustin', 'Faustin', '1982-05-01 00:00:00', 'Rennes', 'femme', 2, '2021-02-03 12:39:27', 'Le Lorem Ipsum est simplement du faux texte employé dans la composition et la mise en page avant impression.', 0),
(41, 'Luce', 'Gosselin', '1997-02-01 00:00:00', 'Rennes', 'femme', 3, '2021-02-03 12:40:19', 'Le Lorem Ipsum est simplement du faux texte employé dans la composition et la mise en page avant impression.', 0),
(42, 'Coralie', 'Desrosiers', '1975-03-04 00:00:00', 'Rennes', 'femme', 3, '2021-02-03 12:41:03', 'Le Lorem Ipsum est simplement du faux texte employé dans la composition et la mise en page avant impression.', 0),
(43, 'Isla', 'Munz', '1984-09-23 00:00:00', 'Rennes', 'femme', 4, '2021-02-03 12:42:49', 'Le Lorem Ipsum est simplement du faux texte employé dans la composition et la mise en page avant impression.', 0),
(44, 'Jonathan', 'Meyer', '1979-09-05 00:00:00', 'Rennes', 'homme', 1, '2021-02-03 12:43:33', 'Le Lorem Ipsum est simplement du faux texte employé dans la composition et la mise en page avant impression.', 0),
(45, 'Tyson', 'Standley', '2001-02-01 00:00:00', 'Rennes', 'homme', 2, '2021-02-03 12:44:35', 'Le Lorem Ipsum est simplement du faux texte employé dans la composition et la mise en page avant impression.', 0),
(46, 'Anthony', 'Carr', '2000-02-12 00:00:00', 'Rennes', 'homme', 3, '2021-02-03 12:45:09', 'Le Lorem Ipsum est simplement du faux texte employé dans la composition et la mise en page avant impression.', 0),
(47, 'Jordan', 'Heritage', '1998-12-24 00:00:00', 'Rennes', 'autre', 2, '2021-02-03 12:48:51', 'Le Lorem Ipsum est simplement du faux texte employé dans la composition et la mise en page avant impression.', 0),
(48, 'Kate', 'Burrows', '1995-02-01 00:00:00', 'Lyon', 'femme', 1, '2021-02-03 12:52:46', 'Le Lorem Ipsum est simplement du faux texte employé dans la composition et la mise en page avant impression.', 0),
(49, 'Audrey', 'Paschke', '1989-12-15 00:00:00', 'Lyon', 'femme', 2, '2021-02-03 12:53:34', 'Le Lorem Ipsum est simplement du faux texte employé dans la composition et la mise en page avant impression.', 0),
(50, 'Lilly', 'Agar', '1994-02-06 00:00:00', 'Lyon', 'femme', 3, '2021-02-03 12:55:57', 'Le Lorem Ipsum est simplement du faux texte employé dans la composition et la mise en page avant impression.', 0),
(51, 'Jasmine', 'Adair', '1999-02-09 00:00:00', 'Lyon', 'femme', 3, '2021-02-03 12:56:38', 'Le Lorem Ipsum est simplement du faux texte employé dans la composition et la mise en page avant impression.', 0),
(52, 'Olivia', 'Olivia', '2000-12-02 00:00:00', 'Lyon', 'femme', 3, '2021-02-03 12:57:28', 'Le Lorem Ipsum est simplement du faux texte employé dans la composition et la mise en page avant impression.', 0),
(53, 'Amelia Edwin', 'Amelia Edwin', '1992-12-25 00:00:00', 'Lyon', 'femme', 4, '2021-02-03 12:59:28', 'Le Lorem Ipsum est simplement du faux texte employé dans la composition et la mise en page avant impression.', 0),
(54, 'Will', 'Jephcott', '1995-09-01 00:00:00', 'Lyon', 'homme', 1, '2021-02-03 01:00:12', 'Le Lorem Ipsum est simplement du faux texte employé dans la composition et la mise en page avant impression.', 0),
(55, 'Oliver', 'Yagan', '1994-06-25 00:00:00', 'Lyon', 'homme', 2, '2021-02-03 01:01:41', 'Le Lorem Ipsum est simplement du faux texte employé dans la composition et la mise en page avant impression.', 0),
(56, 'Jett', 'Cohen', '1992-03-30 00:00:00', 'Lyon', 'homme', 3, '2021-02-03 01:02:53', 'Le Lorem Ipsum est simplement du faux texte employé dans la composition et la mise en page avant impression.', 0),
(57, 'Caleb ', 'Horne', '1971-02-01 00:00:00', 'Lyon', 'homme', 4, '2021-02-03 01:03:31', 'Le Lorem Ipsum est simplement du faux texte employé dans la composition et la mise en page avant impression.', 0),
(58, 'Tristan', 'Ellwood', '1965-02-01 00:00:00', 'Lyon', 'autre', 4, '2021-02-03 01:04:18', 'Le Lorem Ipsum est simplement du faux texte employé dans la composition et la mise en page avant impression.', 0),
(59, 'Zoe', 'MacDonnell', '1998-10-01 00:00:00', 'Marseille', 'femme', 1, '2021-02-03 01:05:08', 'Le Lorem Ipsum est simplement du faux texte employé dans la composition et la mise en page avant impression.', 0),
(60, 'Zoe', 'Lynn', '2002-10-25 00:00:00', 'Marseille', 'femme', 2, '2021-02-03 01:06:11', 'Le Lorem Ipsum est simplement du faux texte employé dans la composition et la mise en page avant impression.', 0),
(61, 'Maya ', 'Honey', '1993-01-24 00:00:00', 'Marseille', 'femme', 3, '2021-02-03 01:06:56', 'Le Lorem Ipsum est simplement du faux texte employé dans la composition et la mise en page avant impression.', 0),
(62, 'Alicia', 'Bottrill', '1989-01-25 00:00:00', 'Marseille', 'femme', 4, '2021-02-03 01:07:36', 'Le Lorem Ipsum est simplement du faux texte employé dans la composition et la mise en page avant impression.', 0),
(63, 'Joshua', 'Mahomet', '1994-03-01 00:00:00', 'Marseille', 'homme', 1, '2021-02-03 01:08:22', 'Le Lorem Ipsum est simplement du faux texte employé dans la composition et la mise en page avant impression.', 1),
(64, 'Jake ', 'Loughlin', '2001-08-02 00:00:00', 'Marseille', 'homme', 2, '2021-02-03 01:09:06', 'Le Lorem Ipsum est simplement du faux texte employé dans la composition et la mise en page avant impression.', 0),
(65, 'Harrison', 'Hampton', '1987-02-01 00:00:00', 'Marseille', 'homme', 3, '2021-02-03 01:10:49', 'Le Lorem Ipsum est simplement du faux texte employé dans la composition et la mise en page avant impression.', 0),
(66, 'Kellogs', 'cereale', '1998-01-25 00:00:00', 'Strasbourg', 'homme', 3, '2021-02-03 01:12:37', 'Le Lorem Ipsum est simplement du faux texte employé dans la composition et la mise en page avant impression.', 0),
(560, 'Marvin', 'LeRobot', '1956-02-01 00:00:00', 'Strasbourg', 'autre', 3, '2021-02-03 01:27:53', 'Le Lorem Ipsum est simplement du faux texte employé dans la composition et la mise en page avant impression.', 0),
(561, 'Josette', 'Boulanger', '1959-04-25 00:00:00', 'Strasbourg', 'femme', 4, '2021-02-03 01:29:26', 'Le Lorem Ipsum est simplement du faux texte employé dans la composition et la mise en page avant impression.', 0);

--
-- Index pour les tables déchargées
--

--
-- Index pour la table `hobbies`
--
ALTER TABLE `hobbies`
  ADD PRIMARY KEY (`id_hobbies`);

--
-- Index pour la table `login`
--
ALTER TABLE `login`
  ADD PRIMARY KEY (`id_users`);

--
-- Index pour la table `users`
--
ALTER TABLE `users`
  ADD PRIMARY KEY (`id`),
  ADD KEY `id_hobbies` (`id_hobbies`) USING BTREE;

--
-- AUTO_INCREMENT pour les tables déchargées
--

--
-- AUTO_INCREMENT pour la table `hobbies`
--
ALTER TABLE `hobbies`
  MODIFY `id_hobbies` int(11) NOT NULL AUTO_INCREMENT, AUTO_INCREMENT=5;

--
-- AUTO_INCREMENT pour la table `login`
--
ALTER TABLE `login`
  MODIFY `id_users` int(11) NOT NULL AUTO_INCREMENT, AUTO_INCREMENT=562;

--
-- AUTO_INCREMENT pour la table `users`
--
ALTER TABLE `users`
  MODIFY `id` int(11) NOT NULL AUTO_INCREMENT, AUTO_INCREMENT=562;
COMMIT;

/*!40101 SET CHARACTER_SET_CLIENT=@OLD_CHARACTER_SET_CLIENT */;
/*!40101 SET CHARACTER_SET_RESULTS=@OLD_CHARACTER_SET_RESULTS */;
/*!40101 SET COLLATION_CONNECTION=@OLD_COLLATION_CONNECTION */;
